CourseID0;CourseName0;InstructorName22;InstructorName6;InstructorName2;InstructorName13;InstructorName16
CourseID1;CourseName1;InstructorName11
CourseID2;CourseName2;InstructorName4
CourseID3;CourseName3;InstructorName51
CourseID4;CourseName4;InstructorName50;InstructorName17;InstructorName15;InstructorName12;InstructorName45
CourseID5;CourseName5;InstructorName54;InstructorName39;InstructorName35;InstructorName3;InstructorName49
CourseID6;CourseName6;InstructorName22
CourseID7;CourseName7;InstructorName54
CourseID8;CourseName8;InstructorName55
CourseID9;CourseName9;InstructorName1;InstructorName22
CourseID10;CourseName10;InstructorName5;InstructorName29;InstructorName37
CourseID11;CourseName11;InstructorName51;InstructorName9;InstructorName10
CourseID12;CourseName12;InstructorName1
