CourseID0;CourseName0;InstructorName14;InstructorName5;InstructorName24
CourseID1;CourseName1;InstructorName6
CourseID2;CourseName2;InstructorName32
CourseID3;CourseName3;InstructorName48;InstructorName52;InstructorName7
CourseID4;CourseName4;InstructorName44;InstructorName12;InstructorName9
CourseID5;CourseName5;InstructorName50;InstructorName13;InstructorName47;InstructorName24
CourseID6;CourseName6;InstructorName5
CourseID7;CourseName7;InstructorName55;InstructorName51
CourseID8;CourseName8;InstructorName37
CourseID9;CourseName9;InstructorName8
CourseID10;CourseName10;InstructorName42
CourseID11;CourseName11;InstructorName16
CourseID12;CourseName12;InstructorName45;InstructorName5;InstructorName33
CourseID13;CourseName13;InstructorName1;InstructorName48;InstructorName12
