StudentName0;Neptun0;InstructorName40;CourseName0;CourseID0
StudentName1;Neptun1;InstructorName32;CourseName8;CourseID8
StudentName2;Neptun2;InstructorName5;CourseName3;CourseID3
StudentName3;Neptun3;InstructorName41;CourseName15;CourseID15
StudentName4;Neptun4;InstructorName43;CourseName13;CourseID13
StudentName5;Neptun5;InstructorName32;CourseName4;CourseID4
StudentName6;Neptun6;InstructorName46;CourseName3;CourseID3
StudentName7;Neptun7;InstructorName33;CourseName3;CourseID3
StudentName8;Neptun8;InstructorName42;CourseName3;CourseID3
StudentName9;Neptun9;InstructorName11;CourseName15;CourseID15
StudentName10;Neptun10;InstructorName28;CourseName12;CourseID12
StudentName11;Neptun11;InstructorName11;CourseName3;CourseID3
StudentName12;Neptun12;InstructorName8;CourseName6;CourseID6
StudentName13;Neptun13;InstructorName44;CourseName5;CourseID5
StudentName14;Neptun14;InstructorName17;CourseName5;CourseID5
StudentName15;Neptun15;InstructorName33;CourseName8;CourseID8
StudentName16;Neptun16;InstructorName9;CourseName0;CourseID0
StudentName17;Neptun17;InstructorName28;CourseName2;CourseID2
StudentName18;Neptun18;InstructorName36;CourseName4;CourseID4
StudentName19;Neptun19;InstructorName38;CourseName13;CourseID13
StudentName20;Neptun20;InstructorName17;CourseName10;CourseID10
StudentName21;Neptun21;InstructorName30;CourseName15;CourseID15
StudentName22;Neptun22;InstructorName33;CourseName4;CourseID4
StudentName23;Neptun23;InstructorName0;CourseName3;CourseID3
StudentName24;Neptun24;InstructorName10;CourseName15;CourseID15
StudentName25;Neptun25;InstructorName47;CourseName0;CourseID0
StudentName26;Neptun26;InstructorName25;CourseName13;CourseID13
StudentName27;Neptun27;InstructorName12;CourseName12;CourseID12
StudentName28;Neptun28;InstructorName36;CourseName1;CourseID1
StudentName29;Neptun29;InstructorName40;CourseName15;CourseID15
StudentName30;Neptun30;InstructorName34;CourseName8;CourseID8
StudentName31;Neptun31;InstructorName42;CourseName15;CourseID15
StudentName32;Neptun32;InstructorName9;CourseName11;CourseID11
StudentName33;Neptun33;InstructorName33;CourseName3;CourseID3
StudentName34;Neptun34;InstructorName12;CourseName1;CourseID1
StudentName35;Neptun35;InstructorName6;CourseName15;CourseID15
StudentName36;Neptun36;InstructorName5;CourseName6;CourseID6
StudentName37;Neptun37;InstructorName24;CourseName13;CourseID13
StudentName38;Neptun38;InstructorName43;CourseName12;CourseID12
StudentName39;Neptun39;InstructorName7;CourseName11;CourseID11
StudentName40;Neptun40;InstructorName27;CourseName9;CourseID9
StudentName41;Neptun41;InstructorName50;CourseName0;CourseID0
StudentName42;Neptun42;InstructorName27;CourseName10;CourseID10
StudentName43;Neptun43;InstructorName8;CourseName10;CourseID10
StudentName44;Neptun44;InstructorName16;CourseName3;CourseID3
StudentName45;Neptun45;InstructorName15;CourseName12;CourseID12
StudentName46;Neptun46;InstructorName46;CourseName10;CourseID10
StudentName47;Neptun47;InstructorName8;CourseName3;CourseID3
StudentName48;Neptun48;InstructorName24;CourseName14;CourseID14
StudentName49;Neptun49;InstructorName1;CourseName14;CourseID14
StudentName50;Neptun50;InstructorName47;CourseName10;CourseID10
StudentName51;Neptun51;InstructorName28;CourseName11;CourseID11
StudentName52;Neptun52;InstructorName3;CourseName8;CourseID8
StudentName53;Neptun53;InstructorName39;CourseName0;CourseID0
StudentName54;Neptun54;InstructorName9;CourseName7;CourseID7
StudentName55;Neptun55;InstructorName7;CourseName2;CourseID2
StudentName56;Neptun56;InstructorName37;CourseName10;CourseID10
StudentName57;Neptun57;InstructorName5;CourseName1;CourseID1
StudentName58;Neptun58;InstructorName30;CourseName0;CourseID0
StudentName59;Neptun59;InstructorName17;CourseName1;CourseID1
StudentName60;Neptun60;InstructorName43;CourseName5;CourseID5
StudentName61;Neptun61;InstructorName40;CourseName6;CourseID6
StudentName62;Neptun62;InstructorName39;CourseName15;CourseID15
StudentName63;Neptun63;InstructorName7;CourseName9;CourseID9
StudentName64;Neptun64;InstructorName50;CourseName14;CourseID14
StudentName65;Neptun65;InstructorName14;CourseName10;CourseID10
StudentName66;Neptun66;InstructorName4;CourseName14;CourseID14
StudentName67;Neptun67;InstructorName0;CourseName0;CourseID0
StudentName68;Neptun68;InstructorName8;CourseName11;CourseID11
StudentName69;Neptun69;InstructorName13;CourseName10;CourseID10
StudentName70;Neptun70;InstructorName49;CourseName3;CourseID3
StudentName71;Neptun71;InstructorName32;CourseName4;CourseID4
StudentName72;Neptun72;InstructorName24;CourseName12;CourseID12
StudentName73;Neptun73;InstructorName23;CourseName0;CourseID0
StudentName74;Neptun74;InstructorName35;CourseName11;CourseID11
StudentName75;Neptun75;InstructorName34;CourseName10;CourseID10
StudentName76;Neptun76;InstructorName24;CourseName12;CourseID12
StudentName77;Neptun77;InstructorName8;CourseName6;CourseID6
StudentName78;Neptun78;InstructorName15;CourseName11;CourseID11
StudentName79;Neptun79;InstructorName12;CourseName15;CourseID15
StudentName80;Neptun80;InstructorName19;CourseName6;CourseID6
StudentName81;Neptun81;InstructorName17;CourseName10;CourseID10
StudentName82;Neptun82;InstructorName26;CourseName11;CourseID11
StudentName83;Neptun83;InstructorName40;CourseName1;CourseID1
StudentName84;Neptun84;InstructorName16;CourseName11;CourseID11
StudentName85;Neptun85;InstructorName41;CourseName7;CourseID7
StudentName86;Neptun86;InstructorName47;CourseName4;CourseID4
StudentName87;Neptun87;InstructorName7;CourseName6;CourseID6
StudentName88;Neptun88;InstructorName5;CourseName5;CourseID5
StudentName89;Neptun89;InstructorName12;CourseName14;CourseID14
StudentName90;Neptun90;InstructorName0;CourseName4;CourseID4
StudentName91;Neptun91;InstructorName39;CourseName3;CourseID3
StudentName92;Neptun92;InstructorName37;CourseName0;CourseID0
StudentName93;Neptun93;InstructorName38;CourseName14;CourseID14
StudentName94;Neptun94;InstructorName39;CourseName1;CourseID1
StudentName95;Neptun95;InstructorName27;CourseName7;CourseID7
StudentName96;Neptun96;InstructorName12;CourseName14;CourseID14
StudentName97;Neptun97;InstructorName42;CourseName14;CourseID14
StudentName98;Neptun98;InstructorName34;CourseName10;CourseID10
StudentName99;Neptun99;InstructorName28;CourseName8;CourseID8
StudentName100;Neptun100;InstructorName43;CourseName13;CourseID13
StudentName101;Neptun101;InstructorName33;CourseName6;CourseID6
StudentName102;Neptun102;InstructorName32;CourseName11;CourseID11
StudentName103;Neptun103;InstructorName30;CourseName4;CourseID4
StudentName104;Neptun104;InstructorName13;CourseName4;CourseID4
StudentName105;Neptun105;InstructorName19;CourseName0;CourseID0
StudentName106;Neptun106;InstructorName35;CourseName2;CourseID2
StudentName107;Neptun107;InstructorName3;CourseName12;CourseID12
StudentName108;Neptun108;InstructorName13;CourseName2;CourseID2
StudentName109;Neptun109;InstructorName30;CourseName5;CourseID5
StudentName110;Neptun110;InstructorName6;CourseName6;CourseID6
StudentName111;Neptun111;InstructorName8;CourseName9;CourseID9
StudentName112;Neptun112;InstructorName6;CourseName4;CourseID4
StudentName113;Neptun113;InstructorName17;CourseName0;CourseID0
StudentName114;Neptun114;InstructorName16;CourseName5;CourseID5
StudentName115;Neptun115;InstructorName15;CourseName1;CourseID1
StudentName116;Neptun116;InstructorName10;CourseName10;CourseID10
StudentName117;Neptun117;InstructorName29;CourseName6;CourseID6
StudentName118;Neptun118;InstructorName11;CourseName14;CourseID14
StudentName119;Neptun119;InstructorName35;CourseName10;CourseID10
StudentName120;Neptun120;InstructorName29;CourseName9;CourseID9
StudentName121;Neptun121;InstructorName15;CourseName1;CourseID1
StudentName122;Neptun122;InstructorName28;CourseName2;CourseID2
StudentName123;Neptun123;InstructorName10;CourseName12;CourseID12
StudentName124;Neptun124;InstructorName28;CourseName14;CourseID14
StudentName125;Neptun125;InstructorName23;CourseName4;CourseID4
StudentName126;Neptun126;InstructorName47;CourseName0;CourseID0
StudentName127;Neptun127;InstructorName50;CourseName0;CourseID0
StudentName128;Neptun128;InstructorName4;CourseName4;CourseID4
StudentName129;Neptun129;InstructorName17;CourseName3;CourseID3
StudentName130;Neptun130;InstructorName26;CourseName8;CourseID8
StudentName131;Neptun131;InstructorName44;CourseName11;CourseID11
StudentName132;Neptun132;InstructorName49;CourseName6;CourseID6
StudentName133;Neptun133;InstructorName38;CourseName1;CourseID1
StudentName134;Neptun134;InstructorName17;CourseName11;CourseID11
StudentName135;Neptun135;InstructorName12;CourseName6;CourseID6
StudentName136;Neptun136;InstructorName48;CourseName14;CourseID14
StudentName137;Neptun137;InstructorName4;CourseName6;CourseID6
StudentName138;Neptun138;InstructorName6;CourseName14;CourseID14
StudentName139;Neptun139;InstructorName13;CourseName2;CourseID2
StudentName140;Neptun140;InstructorName35;CourseName0;CourseID0
StudentName141;Neptun141;InstructorName6;CourseName1;CourseID1
StudentName142;Neptun142;InstructorName2;CourseName5;CourseID5
StudentName143;Neptun143;InstructorName49;CourseName8;CourseID8
StudentName144;Neptun144;InstructorName44;CourseName10;CourseID10
StudentName145;Neptun145;InstructorName18;CourseName3;CourseID3
StudentName146;Neptun146;InstructorName32;CourseName4;CourseID4
StudentName147;Neptun147;InstructorName16;CourseName0;CourseID0
StudentName148;Neptun148;InstructorName24;CourseName6;CourseID6
StudentName149;Neptun149;InstructorName14;CourseName7;CourseID7
StudentName150;Neptun150;InstructorName49;CourseName11;CourseID11
StudentName151;Neptun151;InstructorName43;CourseName6;CourseID6
StudentName152;Neptun152;InstructorName35;CourseName7;CourseID7
StudentName153;Neptun153;InstructorName45;CourseName1;CourseID1
StudentName154;Neptun154;InstructorName19;CourseName4;CourseID4
StudentName155;Neptun155;InstructorName42;CourseName5;CourseID5
StudentName156;Neptun156;InstructorName40;CourseName13;CourseID13
StudentName157;Neptun157;InstructorName16;CourseName4;CourseID4
StudentName158;Neptun158;InstructorName37;CourseName12;CourseID12
StudentName159;Neptun159;InstructorName4;CourseName0;CourseID0
StudentName160;Neptun160;InstructorName34;CourseName4;CourseID4
StudentName161;Neptun161;InstructorName9;CourseName15;CourseID15
StudentName162;Neptun162;InstructorName50;CourseName11;CourseID11
StudentName163;Neptun163;InstructorName30;CourseName12;CourseID12
StudentName164;Neptun164;InstructorName34;CourseName12;CourseID12
StudentName165;Neptun165;InstructorName7;CourseName10;CourseID10
